{"cameraMode":{"drawMode":0,"name":"Shaded","section":"Shading Mode"},"sceneLighting":true,"audioPlay":false,"sceneViewState":{"showFog":true,"showMaterialUpdate":false,"showSkybox":true,"showFlares":true,"showImageEffects":true,"showParticleSystems":true},"in2DMode":false,"pivot":{"x":440.71453857421877,"y":-204.73443603515626,"z":606.0678100585938},"rotation":{"x":0.3024858236312866,"y":-0.6364503502845764,"z":0.2992428243160248,"w":0.6433592438697815},"size":563.890625,"orthographic":false}